{
    "status": 1,
    "message": "success",
    "data": {
        "v": {
            "2.0.8": {
                "3": "http://172.16.88.167:8444/app/update/2.0.8.2.zip"
            },
            "2.0.9": {
                "2": "http://172.16.88.167:8444/app/update/2.0.9.2.zip"
            },
            "3.0.1": {
                "1": "http://172.16.88.167:8444/app/update/3.0.1.1.zip"
            }
        },
        "android": {
            "code": 19,
            "url": "http://172.16.88.167:8444/app/xfjr.apk"
        }
    }
}